SatCatId,ObjectName,LaunchYear,OrbitalPeriod,LaunchMass,StatusCode,Inclination,Status,UcsData,OrbitClassEstimated,LaunchSiteCountry,Owner,UseType,Purpose,LaunchVehicleClass,TLE1,TLE2,MeanMotion,Eccentricity,OrbitClass
5,VANGUARD 1,1958,132.66,-1.0,UNK,34.25,Inactive,0,MEO,USA,USA,,,Vanguard,1 00005U 58002B   24222.36392182  .00001107  00000+0  13944-2 0  9997,2 00005  34.2490 243.2299 1842941 327.0996  22.6989 10.85520440369705,10.8552044,0.1842941,MEO
11,VANGUARD 2,1959,121.15,-1.0,UNK,32.87,Inactive,0,LEO,USA,USA,,,Unknown,1 00011U 59001A   24222.13566219  .00001636  00000+0  85243-3 0  9992,2 00011  32.8671 124.4259 1454864 168.6175 195.1361 11.88600365454810,11.88600365,0.1454864,LEO
20,VANGUARD 3,1959,124.21,-1.0,UNK,33.34,Inactive,0,LEO,USA,USA,,,Unknown,1 00020U 59007A   24222.55699337  .00005725  00000+0  23254-2 0  9998,2 00020  33.3392 178.8455 1649227  32.3620 336.8179 11.59315081405967,11.59315081,0.1649227,LEO
22,EXPLORER 7,1959,95.45,-1.0,UNK,50.28,Inactive,0,LEO,USA,USA,,,Unknown,1 00022U 59009A   24222.52559693  .00016618  00000+0  92490-3 0  9991,2 00022  50.2781 157.7034 0109727 317.2059  42.0390 15.08679381697456,15.08679381,0.0109727,LEO
29,TIROS 1,1960,97.52,-1.0,-,48.38,Inactive,0,LEO,USA,USA,,,Thor,1 00029U 60002B   24222.59729655  .00002452  00000+0  37586-3 0  9993,2 00029  48.3798 355.9616 0023862 237.9130 121.9466 14.76573733442053,14.76573733,0.0023862,LEO
45,TRANSIT 2A,1960,100.36,-1.0,UNK,66.7,Inactive,0,LEO,USA,USA,,,Unknown,1 00045U 60007A   24222.58974281  .00000766  00000+0  21074-3 0  9993,2 00045  66.6958 348.5917 0259061 292.2760  65.1056 14.34820566282935,14.34820566,0.0259061,LEO
46,SOLRAD 1 (GREB),1960,99.16,-1.0,UNK,66.69,Inactive,0,LEO,USA,USA,,,Unknown,1 00046U 60007B   24222.57309182  .00002240  00000+0  45208-3 0  9999,2 00046  66.6891 270.0394 0193929  80.7622 281.5364 14.52244576358646,14.52244576,0.0193929,LEO
58,COURIER 1B,1960,106.95,-1.0,UNK,28.33,Inactive,0,LEO,USA,USA,,,Unknown,1 00058U 60013A   24222.61509314  .00000116  00000+0  49462-4 0  9990,2 00058  28.3294 332.6681 0164931   5.5479 354.6855 13.46381527142818,13.46381527,0.0164931,LEO
107,EXPLORER 11,1961,101.7,-1.0,UNK,28.79,Inactive,0,LEO,USA,USA,,,Unknown,1 00107U 61013A   24222.43026221  .00009567  00000+0  12098-2 0  9999,2 00107  28.7886 243.4129 0518348 312.4008  43.3802 14.16016920180246,14.1601692,0.0518348,LEO
116,TRANSIT 4A,1961,103.44,-1.0,UNK,66.81,Inactive,0,LEO,USA,USA,,,Unknown,1 00116U 61015A   24222.40801235  .00000230  00000+0  23487-3 0  9997,2 00116  66.8095 106.5992 0072288  22.8286 337.5979 13.92073625202499,13.92073625,0.0072288,LEO
117,SOLRAD 3 & INJUN 1,1961,103.59,-1.0,UNK,66.81,Inactive,0,LEO,USA,USA,,,Unknown,1 00117U 61015B   24222.36802012  .00000103  00000+0  14184-3 0  9990,2 00117  66.8101 214.9994 0072268  47.8578 312.8610 13.90037549199983,13.90037549,0.0072268,LEO
162,TIROS 3,1961,99.67,-1.0,-,47.9,Inactive,0,LEO,USA,USA,,,Delta,1 00162U 61017A   24222.43175847  .00000735  00000+0  25381-3 0  9991,2 00162  47.8978 206.0665 0044437 354.2099   5.8275 14.44751763293893,14.44751763,0.0044437,LEO
163,MIDAS 3,1961,161.46,-1.0,UNK,91.1,Inactive,0,MEO,USA,USA,,,Unknown,1 00163U 61018A   24222.38564104 -.00000005  00000+0 -21245-2 0  9991,2 00163  91.0990 176.3656 0098297 177.9075 182.2224  8.91835646 53677,8.91835646,0.0098297,MEO
192,MIDAS 4,1961,165.94,-1.0,UNK,95.86,Inactive,0,MEO,USA,USA,,,Unknown,1 00192U 61028A   24222.59509123 -.00000019  00000+0 -70375-2 0  9990,2 00192  95.8615  81.3903 0137267 270.2141  88.2983  8.67771198989485,8.67771198,0.0137267,MEO
202,TRANSIT 4B,1961,105.6,-1.0,UNK,32.44,Inactive,0,LEO,USA,USA,,,Unknown,1 00202U 61031A   24222.31031828  .00000170  00000+0  17980-3 0  9998,2 00202  32.4363 152.4495 0100968 113.5564 247.5700 13.63679796128548,13.63679796,0.0100968,LEO
205,TRAAC,1961,105.69,-1.0,UNK,32.44,Inactive,0,LEO,USA,USA,,,Unknown,1 00205U 61031B   24222.56774922  .00000128  00000+0  12842-3 0  9992,2 00205  32.4420 300.0539 0102230 244.3718 114.6310 13.62501051126730,13.62501051,0.010223,LEO
226,TIROS 4,1962,99.55,-1.0,-,48.29,Inactive,0,LEO,USA,USA,,,Delta,1 00226U 62002A   24222.40752930  .00000943  00000+0  29682-3 0  9997,2 00226  48.2947 193.1832 0077356 343.6057  16.2343 14.46459206270446,14.46459206,0.0077356,LEO
271,MIDAS 5 (STRONGBACK),1962,152.98,-1.0,UNK,86.65,Inactive,0,MEO,USA,USA,,,Unknown,1 00271U 62010A   24222.56682102 -.00000014  00000+0 -38417-2 0  9992,2 00271  86.6519  54.1896 0328106 140.6168 221.9087  9.41306754142001,9.41306754,0.0328106,MEO
309,TIROS 5,1962,98.71,-1.0,-,58.09,Inactive,0,LEO,USA,USA,,,Delta,1 00309U 62025A   24222.39468772  .00002839  00000+0  50098-3 0  9991,2 00309  58.0893 185.0227 0193123  54.6132 307.2769 14.58767674282991,14.58767674,0.0193123,LEO
340,TELSTAR 1,1962,157.74,-1.0,UNK,44.8,Inactive,0,MEO,USA,USA,,,Unknown,1 00340U 62029A   24222.54324130  .00000008  00000+0  23264-3 0  9997,2 00340  44.8045 138.7389 2420416 237.4030 315.9171  9.12878991 70649,9.12878991,0.2420416,MEO
369,FTV 3502,1962,96.76,-1.0,UNK,98.54,Inactive,0,LEO,USA,USA,,,Unknown,1 00369U 62039A   24222.53470849  .00004202  00000+0  43216-3 0  9996,2 00369  98.5395 244.7213 0085628 164.1278 196.2650 14.88237904314801,14.88237904,0.0085628,LEO
397,TIROS 6,1962,96.5,-1.0,-,58.31,Inactive,0,LEO,USA,USA,,,Delta,1 00397U 62047A   24222.62502344  .00004022  00000+0  41361-3 0  9991,2 00397  58.3070 351.1096 0005618   7.9422 352.1712 14.92174931311189,14.92174931,0.0005618,LEO
424,ALOUETTE 1 (S-27),1962,105.16,-1.0,UNK,80.47,Inactive,0,LEO,USA,Canada,,,Unknown,1 00424U 62049A   24222.46049513  .00000206  00000+0  22617-3 0  9993,2 00424  80.4656 205.9513 0022710 180.3457 179.7677 13.69392455 88485,13.69392455,0.002271,LEO
446,ANNA 1B,1962,107.84,-1.0,UNK,50.14,Inactive,0,LEO,USA,USA,,,Unknown,1 00446U 62060A   24222.61851250 -.00000100  00000+0  51170-4 0  9997,2 00446  50.1415 280.6229 0070214 167.2755 354.1272 13.35325214 13308,13.35325214,0.0070214,LEO
503,RELAY 1 (A-15),1962,185.05,-1.0,UNK,47.5,Inactive,0,MEO,USA,USA,,,Unknown,1 00503U 62068A   24222.40573112 -.00000031  00000+0  00000+0 0  9998,2 00503  47.4985 210.9049 2845117 118.0675  18.5679  7.78154542752797,7.78154542,0.2845117,MEO
506,EXPLORER 16,1962,103.93,-1.0,UNK,52.0,Inactive,0,LEO,USA,USA,,,Unknown,1 00506U 62070A   24222.38742714  .00000045  00000+0  12200-3 0  9990,2 00506  52.0036 111.0768 0276195 263.4530  93.4883 13.85500608114924,13.85500608,0.0276195,LEO
553,SYNCOM 1,1963,1236.22,-1.0,-,28.13,Inactive,0,MEO,USA,USA,,,Unknown,1 00553U 63004A   24222.32316724 -.00000093  00000+0  00000+0 0  9997,2 00553  28.1233 286.5837 0776371 180.2406 179.7700  1.16484144 28177,1.16484144,0.0776371,MEO
573,TELSTAR 2 (A-41),1963,225.26,-1.0,UNK,42.77,Inactive,0,MEO,USA,USA,,,Unknown,1 00573U 63013A   24222.39656294 -.00000096  00000+0 -65957-3 0  9995,2 00573  42.7642 338.8539 4007373  46.9027 358.6528  6.39266786542868,6.39266786,0.4007373,MEO
574,MIDAS 6 (FTV 1169),1963,166.42,-1.0,UNK,87.31,Inactive,0,MEO,USA,USA,,,Unknown,1 00574U 63014A   24222.54495715 -.00000013  00000+0 -74204-2 0  9996,2 00574  87.3085 260.1309 0032625  72.3641 288.0772  8.65274513159258,8.65274513,0.0032625,MEO
589,DASH 1,1963,166.35,-1.0,UNK,87.31,Inactive,0,MEO,USA,USA,,,Unknown,1 00589U 63014D   24222.51741554  .00000023  00000+0  96553-2 0  9994,2 00589  87.3047 254.9841 0130219 324.9770  34.2575  8.65631878935267,8.65631878,0.0130219,MEO
608,ERS 6,1963,166.42,-1.0,UNK,87.31,Inactive,0,MEO,USA,USA,,,Unknown,1 00608U 63014C   24221.07792000  .00000012  00000+0  44993-2 0  9997,2 00608  87.3067 257.8711 0070072 344.8365  15.0391  8.65287071935131,8.65287071,0.0070072,MEO
614,HITCH HIKER 1,1963,89.23,-1.0,UNK,81.92,Inactive,0,LEO,USA,USA,,,Unknown,1 00614U 63025B   24221.78924254  .01313977 -10536-5  66400-3 0  9990,2 00614  81.9192   1.6914 0060457 264.7225  94.7160 16.16079389823004,16.16079389,0.0060457,LEO
622,MIDAS 7/ERS 10,1963,167.85,-1.0,UNK,88.39,Inactive,0,MEO,USA,USA,,,Unknown,1 00622U 63030A   24222.51177861 -.00000019  00000+0 -10692-1 0  9990,2 00622  88.3873 248.7308 0033518  16.2986 343.8935  8.57932314401746,8.57932314,0.0033518,MEO
634,SYNCOM 2 (A 26),1963,1435.94,-1.0,-,31.43,Inactive,0,GSO,USA,USA,,,Unknown,1 00634U 63031A   24216.82429319 -.00000021  00000+0  00000+0 0  9991,2 00634  31.4317 310.0329 0010343 192.0215 173.6152  1.00282817223521,1.00282817,0.0010343,GSO
635,ERS 9,1963,167.84,-1.0,UNK,88.39,Inactive,0,MEO,USA,USA,,,Unknown,1 00635U 63030B   24222.31861645 -.00000019  00000+0 -10682-1 0  9991,2 00635  88.3862 252.6124 0050179 350.2930   9.6948  8.57944167912398,8.57944167,0.0050179,MEO
670,TRANSIT 5B-1,1963,107.1,-1.0,UNK,89.99,Inactive,0,LEO,USA,USA,,,Unknown,1 00670U 63038B   24222.57408042  .00000178  00000+0  28685-3 0  9992,2 00670  89.9939 334.4963 0042091 169.0027 191.2050 13.44534219983256,13.44534219,0.0042091,LEO
671,RADIATION SAT (5E-1),1963,107.06,-1.0,UNK,89.99,Inactive,0,LEO,USA,USA,,,Unknown,1 00671U 63038C   24222.61371288  .00000178  00000+0  28481-3 0  9993,2 00671  89.9947 334.5466 0041933 127.7148 232.7813 13.45066821984084,13.45066821,0.0041933,LEO
674,VELA 2,1963,6488.72,-1.0,UNK,45.58,Inactive,0,HEO,USA,USA,,,Atlas,1 00674U 63039A   24226.04742168 -.00000065  00000+0  00000+0 0  9996,2 00674  45.6617 117.2686 3718002  85.3836 359.4608  0.22196944  7888,0.22196944,0.3718002,HEO
692,VELA 1,1963,6499.67,-1.0,UNK,18.35,Inactive,0,HEO,USA,USA,,,Atlas,1 00692U 63039C   24225.92488661 -.00000511  00000+0  00000+0 0  9993,2 00692  19.0965  37.2548 5933286 213.5642   1.2548  0.22151060 49074,0.2215106,0.5933286,HEO
694,ATLAS CENTAUR 2,1963,102.27,-1.0,UNK,30.35,Inactive,0,LEO,USA,USA,,,Unknown,1 00694U 63047A   24222.56397560  .00006978  00000+0  87302-3 0  9994,2 00694  30.3524 172.5968 0563351  47.2136 317.4461 14.08132071 50088,14.08132071,0.0563351,LEO
704,TRANSIT 5B-2,1963,106.9,-1.0,UNK,89.91,Inactive,0,LEO,USA,USA,,,Unknown,1 00704U 63049B   24222.55103880  .00000112  00000+0  16705-3 0  9990,2 00704  89.9098  76.1166 0036722  84.8991 292.6563 13.47008382980233,13.47008382,0.0036722,LEO
705,TRANSIT 5E-3,1963,106.86,-1.0,UNK,89.91,Inactive,0,LEO,USA,USA,,,Unknown,1 00705U 63049C   24222.60053115  .00000128  00000+0  19247-3 0  9993,2 00705  89.9100  76.0706 0035243  44.2032   9.6043 13.47530178980995,13.47530178,0.0035243,LEO
716,TIROS 8,1963,97.87,-1.0,-,58.5,Inactive,0,LEO,USA,USA,,,Delta,1 00716U 63054A   24222.59475697  .00002124  00000+0  36912-3 0  9998,2 00716  58.4964  20.3907 0029232 102.7119 257.7190 14.71385270216066,14.7138527,0.0029232,LEO
728,GGSE 1 (GGRS),1964,103.04,-1.0,UNK,69.91,Inactive,0,LEO,USA,USA,,,Unknown,1 00728U 64001B   24222.37884841  .00000211  00000+0  18827-3 0  9995,2 00728  69.9051 220.9196 0011655 148.5204 211.6602 13.97499128 85105,13.97499128,0.0011655,LEO
729,SECOR 1B,1964,103.22,-1.0,UNK,69.9,Inactive,0,LEO,USA,USA,,,Unknown,1 00729U 64001C   24222.53078639  .00000099  00000+0  11284-3 0  9998,2 00729  69.9020 304.2484 0016028 232.1222 127.8433 13.95082869 82326,13.95082869,0.0016028,LEO
730,SOLRAD 7A,1964,103.16,-1.0,UNK,69.91,Inactive,0,LEO,USA,USA,,,Thor,1 00730U 64001D   24222.55161878  .00000134  00000+0  13717-3 0  9993,2 00730  69.9064 289.8720 0014047 193.4431 273.2681 13.95863685966210,13.95863685,0.0014047,LEO
731,GREB,1964,103.14,-1.0,UNK,69.91,Inactive,0,LEO,USA,USA,,,Unknown,1 00731U 64001E   24222.57530025  .00000133  00000+0  13560-3 0  9995,2 00731  69.9055 280.6188 0013865 189.2214 170.8638 13.96103155 83132,13.96103155,0.0013865,LEO
734,OPS 3367 A,1964,100.75,-1.0,UNK,98.98,Inactive,0,LEO,USA,USA,,,Unknown,1 00734U 64002B   24222.56147470  .00000406  00000+0  17783-3 0  9990,2 00734  98.9845 121.4878 0014466 355.3286   4.7757 14.29290049152090,14.29290049,0.0014466,LEO
735,OPS 3367 B,1964,100.83,-1.0,UNK,99.01,Inactive,0,LEO,USA,USA,,,Unknown,1 00735U 64002C   24222.55016030  .00000354  00000+0  16079-3 0  9996,2 00735  99.0049 116.3860 0017587 105.6327 254.6796 14.28209321150114,14.28209321,0.0017587,LEO
737,RELAY 2,1964,194.72,-1.0,UNK,46.47,Inactive,0,MEO,USA,USA,,,Unknown,1 00737U 64003A   24222.54351030 -.00000016  00000+0  00000+0 0  9999,2 00737  46.4700  27.3929 2597311 342.5168  10.0209  7.39539219636037,7.39539219,0.2597311,MEO
746,ELEKTRON 1,1964,158.64,-1.0,UNK,60.87,Inactive,0,MEO,Kazakhstan,Russia/USSR,,,Unknown,1 00746U 64006A   24222.53167094  .00003603  00000+0  90706-3 0  9996,2 00746  60.8728  24.2982 3018605  54.2178 330.3284  9.07712856  5695,9.07712856,0.3018605,MEO
801,OPS 4412 (TRANSIT 9),1964,101.7,-1.0,UNK,90.47,Inactive,0,LEO,USA,USA,,,Unknown,1 00801U 64026A   24222.34260970  .00001569  00000+0  78258-3 0  9993,2 00801  90.4716 152.9118 0050152  52.6446 307.9295 14.15943601 90328,14.15943601,0.0050152,LEO
812,OPS 4467 A,1964,101.11,-1.0,UNK,99.79,Inactive,0,LEO,USA,USA,,,Unknown,1 00812U 64031A   24222.48454809  .00000352  00000+0  17577-3 0  9998,2 00812  99.7910 290.2743 0005608 176.3395 183.7823 14.24251142119951,14.24251142,0.0005608,LEO
813,OPS 4467 B,1964,101.17,-1.0,UNK,99.8,Inactive,0,LEO,USA,USA,,,Unknown,1 00813U 64031B   24222.46415843  .00000274  00000+0  14454-3 0  9996,2 00813  99.8030 288.0953 0004492 271.0761  88.9899 14.23399096118648,14.23399096,0.0004492,LEO
829,ELEKTRON 3,1964,156.82,-1.0,UNK,60.81,Inactive,0,MEO,Kazakhstan,Russia/USSR,,,Unknown,1 00829U 64038A   24222.54577744  .00004432  00000+0  12414-2 0  9991,2 00829  60.8080  56.3271 2951537 167.8789 201.2791  9.18291264953174,9.18291264,0.2951537,MEO
836,OPS 3662 (VELA 3),1964,6020.25,-1.0,UNK,48.91,Inactive,0,HEO,USA,USA,,,Atlas,1 00836U 64040A   24225.99385110  .00000460  00000+0  00000+0 0  9990,2 00836  48.9266 132.4670 4842538 303.4860   1.0521  0.23920681 52473,0.23920681,0.4842538,HEO
837,OPS 3674 (VELA 4),1964,6000.03,-1.0,UNK,48.31,Inactive,0,HEO,USA,USA,,,Atlas,1 00837U 64040B   24224.91733192  .00000203  00000+0  00000+0 0  9994,2 00837  48.3100 136.4891 3689558 266.1980   0.0049  0.23999867 52704,0.23999867,0.3689558,HEO
858,SYNCOM 3,1964,1434.36,-1.0,-,5.3,Inactive,0,GSO,USA,USA,,,Unknown,1 00858U 64047A   24222.39772066 -.00000063  00000+0  00000+0 0  9992,2 00858   5.3011  71.0986 0003913 119.0420 159.7106  1.00393308 46676,1.00393308,0.0003913,GSO
870,EXPLORER 20,1964,103.49,-1.0,UNK,79.9,Inactive,0,LEO,USA,USA,,,Unknown,1 00870U 64051A   24222.58221044  .00000288  00000+0  21403-3 0  9999,2 00870  79.8984 294.9390 0096441 261.3773  97.6448 13.91500785 39325,13.91500785,0.0096441,LEO
876,COSMOS 44,1964,98.31,-1.0,UNK,65.06,Inactive,0,LEO,Kazakhstan,Russia/USSR,,,Unknown,1 00876U 64053A   24222.25256473  .00000621  00000+0  12464-3 0  9993,2 00876  65.0598 164.7602 0134276 175.4580 184.7777 14.64800170189487,14.6480017,0.0134276,LEO
897,OPS 5798 (TRANSIT 5B-4),1964,106.38,-1.0,UNK,90.21,Inactive,0,LEO,USA,USA,,,Unknown,1 00897U 64063B   24222.56282413  .00000116  00000+0  15938-3 0  9992,2 00897  90.2147  59.9273 0019246 351.1714  62.7652 13.53609769953709,13.53609769,0.0019246,LEO
899,EXPLORER 22,1964,104.15,-1.0,UNK,79.69,Inactive,0,LEO,USA,USA,,,Unknown,1 00899U 64064A   24222.26918285  .00000448  00000+0  38428-3 0  9992,2 00899  79.6920 147.5825 0119892 145.4549 215.4468 13.82643383 11413,13.82643383,0.0119892,LEO
932,EXPLORER 25 (INJUN 4),1964,113.77,-1.0,UNK,81.34,Inactive,0,LEO,USA,USA,,,Unknown,1 00932U 64076B   24222.39097719  .00003553  00000+0  12640-2 0  9994,2 00932  81.3418 178.9258 1125250   2.2691 358.2928 12.65731942733445,12.65731942,0.112525,LEO
959,OPS 6582 (TRANSIT 5E-5),1964,105.72,-1.0,UNK,90.0,Inactive,0,LEO,USA,USA,,,Unknown,1 00959U 64083C   24222.45826699  .00000427  00000+0  53713-3 0  9999,2 00959  89.9978 186.9252 0043454 138.7127 338.1949 13.62120026958065,13.62120026,0.0043454,LEO
965,OPS 6582 (TRANSIT 5B-5),1964,106.12,-1.0,UNK,90.05,Inactive,0,LEO,USA,USA,,,Unknown,1 00965U 64083D   24222.48541514  .00000120  00000+0  15371-3 0  9997,2 00965  90.0464 198.5516 0043428  96.4553  21.3019 13.56894997951836,13.56894997,0.0043428,LEO
978,TIROS 9,1965,118.91,-1.0,-,96.41,Inactive,0,LEO,USA,USA,,,Unknown,1 00978U 65004A   24222.55291962  .00000234  00000+0  30480-3 0  9996,2 00978  96.4132 330.4816 1158740  57.9820 312.8588 12.11033813629705,12.11033813,0.115874,LEO
1002,LES-1,1965,145.7,-1.0,UNK,32.14,Inactive,0,MEO,USA,USA,,,Unknown,1 01002U 65008C   24222.33311382  .00000004  00000+0 -58810-3 0  9997,2 01002  32.1381 208.1450 0014403 348.4534  11.5632  9.88354384149224,9.88354384,0.0014403,MEO
1208,SECOR 3,1965,103.16,-1.0,UNK,70.08,Inactive,0,LEO,USA,USA,,,Unknown,1 01208U 65016E   24222.26272983  .00000216  00000+0  19615-3 0  9993,2 01208  70.0784 185.6935 0022764 257.9100 207.2235 13.95861563 24690,13.95861563,0.0022764,LEO
1244,GGSE 2,1965,103.16,-1.0,UNK,70.08,Inactive,0,LEO,USA,USA,,,Thor,1 01244U 65016B   24222.41996706  .00000218  00000+0  19713-3 0  9997,2 01244  70.0779 187.7850 0023552 260.4885  99.3559 13.95930979 23605,13.95930979,0.0023552,LEO
1271,OPS 4988 (GREB 6),1965,103.12,-1.0,UNK,70.08,Inactive,0,LEO,USA,USA,,,Unknown,1 01271U 65016A   24222.59954022  .00000229  00000+0  20363-3 0  9996,2 01271  70.0796 160.3637 0023059 243.7177 289.5247 13.96423559 24345,13.96423559,0.0023059,LEO
1272,PORCUPINE 1,1965,103.27,-1.0,UNK,70.08,Inactive,0,LEO,USA,USA,,,Unknown,1 01272U 65016H   24222.44171904  .00000058  00000+0  82266-4 0  9992,2 01272  70.0772 247.2066 0024873 288.3891  71.4510 13.94393014 22039,13.94393014,0.0024873,LEO
1291,SOLRAD 7B,1965,103.24,-1.0,UNK,70.08,Inactive,0,LEO,USA,USA,,,Thor,1 01291U 65016D   24222.47526723  .00000107  00000+0  11854-3 0  9998,2 01291  70.0764 234.8208 0023715 287.6278  72.2238 13.94803758 22336,13.94803758,0.0023715,LEO
1292,GGSE 3,1965,102.77,-1.0,UNK,70.08,Inactive,0,LEO,USA,USA,,,Thor,1 01292U 65016C   24222.58990418  .00000387  00000+0  29278-3 0  9996,2 01292  70.0794 325.8235 0017657 130.7985 229.4659 14.01148889 29776,14.01148889,0.0017657,LEO
1293,OSCAR 3 (OSCAR III),1965,102.31,-1.0,-,70.07,Inactive,0,LEO,USA,USA,,,Unknown,1 01293U 65016F   24222.33128024  .00001083  00000+0  67317-3 0  9996,2 01293  70.0735  70.4289 0018544 330.3829  29.6232 14.07527910 36806,14.0752791,0.0018544,LEO
1314,OPS 4682 (SNAPSHOT),1965,111.47,-1.0,UNK,90.25,Inactive,0,LEO,USA,USA,,,Unknown,1 01314U 65027A   24222.58507656  .00000066  00000+0  21876-3 0  9991,2 01314  90.2451 351.4862 0028679 254.0329 116.9058 12.91785905543670,12.91785905,0.0028679,LEO
1315,SECOR 4 (EGRS 4),1965,111.4,-1.0,UNK,90.24,Inactive,0,LEO,USA,USA,,,Unknown,1 01315U 65027B   24222.44002828 -.00000008  00000+0 -56595-4 0  9993,2 01315  90.2439   0.4701 0031626 164.4526 258.9189 12.92643885799495,12.92643885,0.0031626,LEO
1317,INTELSAT 1-F1,1965,1434.78,-1.0,-,5.5,Inactive,0,GSO,USA,INTELSAT,,,Unknown,1 01317U 65028A   24222.47179278 -.00000037  00000+0  00000+0 0  9999,2 01317   5.4990  70.2780 0007336 113.5141 189.5639  1.00363765120386,1.00363765,0.0007336,GSO
1328,EXPLORER 27,1965,107.56,-1.0,UNK,41.19,Inactive,0,LEO,USA,USA,,,Unknown,1 01328U 65032A   24222.56980240  .00000056  00000+0  22108-3 0  9992,2 01328  41.1851  32.2656 0247938  27.0562 334.2875 13.38817605897643,13.38817605,0.0247938,LEO
1360,LES-2,1965,309.79,-1.0,UNK,32.18,Inactive,0,MEO,USA,USA,,,Unknown,1 01360U 65034B   24221.79481073 -.00000037  00000+0  00000+0 0  9997,2 01360  32.1774  53.1630 3966532 176.3582 187.8130  4.64828082  6365,4.64828082,0.3966532,MEO
1420,OPS 8480 (TRANSIT 5B-6),1965,106.53,-1.0,UNK,89.89,Inactive,0,LEO,USA,USA,,,Unknown,1 01420U 65048A   24222.44959275  .00000245  00000+0  35530-3 0  9996,2 01420  89.8938 294.2351 0072015 231.3519 139.4619 13.51676219912027,13.51676219,0.0072015,LEO
1430,TIROS 10,1965,99.93,-1.0,-,98.44,Inactive,0,LEO,USA,USA,,,Delta,1 01430U 65051A   24222.57001688  .00000595  00000+0  19549-3 0  9991,2 01430  98.4419 336.6759 0054898 312.1894  47.4641 14.40980400 98447,14.409804,0.0054898,LEO
1458,OPS 6577 (VELA 5),1965,6745.12,-1.0,UNK,23.38,Inactive,0,HEO,USA,USA,,,Atlas,1 01458U 65058A   24226.17480579 -.00001379  00000+0  00000+0 0  9998,2 01458  23.3839  21.9271 4883736 292.5039   0.3613  0.21348779 84757,0.21348779,0.4883736,HEO
1459,OPS 6564 (VELA 6),1965,6734.07,-1.0,UNK,41.02,Inactive,0,HEO,USA,USA,,,Atlas,1 01459U 65058B   24223.42480236 -.00000920  00000+0  00000+0 0  9995,2 01459  41.0569  18.3572 4649161  63.4283   1.6159  0.21399986  7814,0.21399986,0.4649161,HEO
1506,SECOR 5 (EGRS 5),1965,122.17,-1.0,UNK,69.23,Inactive,0,LEO,USA,USA,,,Unknown,1 01506U 65063A   24222.40603139 -.00000017  00000+0  11494-3 0  9990,2 01506  69.2319 191.5376 0786479 340.4268 179.3698 11.78668909538491,11.78668909,0.0786479,LEO
1510,DODECAPOLE 2,1965,102.64,-1.0,UNK,90.05,Inactive,0,LEO,USA,USA,,,Unknown,1 01510U 65065C   24222.49147647  .00009365  00000+0  59847-2 0  9990,2 01510  90.0485  20.7097 0039131 176.4077 183.7393 14.02987951937952,14.02987951,0.0039131,LEO
1514,OPS 8464 (TRANSIT 5B-7),1965,107.85,-1.0,UNK,89.95,Inactive,0,LEO,USA,USA,,,Unknown,1 01514U 65065F   24222.60068942  .00000146  00000+0  26918-3 0  9999,2 01514  89.9458 229.5883 0068263 266.7251 215.5424 13.35194589870979,13.35194589,0.0068263,LEO
1515,NAVSPASUR ROD 1,1965,106.67,-1.0,UNK,89.98,Inactive,0,LEO,USA,USA,,,Unknown,1 01515U 65065G   24222.51664535  .00000870  00000+0  13381-2 0  9993,2 01515  89.9789 213.9895 0058816 111.7834  17.8047 13.49993394888986,13.49993394,0.0058816,LEO
1570,COSMOS 80,1965,114.94,-1.0,UNK,56.05,Inactive,0,LEO,Kazakhstan,Russia/USSR,,,Unknown,1 01570U 65070A   24222.52620088 -.00000070  00000+0  16743-3 0  9995,2 01570  56.0550 146.5289 0102914 123.8638  47.4807 12.52784594696557,12.52784594,0.0102914,LEO
1571,COSMOS 81,1965,115.31,-1.0,UNK,56.06,Inactive,0,LEO,Kazakhstan,Russia/USSR,,,Unknown,1 01571U 65070B   24222.29565215 -.00000094  00000+0  70087-5 0  9999,2 01571  56.0573 224.2650 0086186 258.1749 113.3716 12.48853898688064,12.48853898,0.0086186,LEO
1572,COSMOS 82,1965,115.65,-1.0,UNK,56.06,Inactive,0,LEO,Kazakhstan,Russia/USSR,,,Unknown,1 01572U 65070C   24222.54732105 -.00000083  00000+0  82848-4 0  9997,2 01572  56.0572 267.0200 0076617  76.1984  77.2211 12.45109433679926,12.45109433,0.0076617,LEO
1573,COSMOS 83,1965,116.03,-1.0,UNK,56.06,Inactive,0,LEO,Kazakhstan,Russia/USSR,,,Unknown,1 01573U 65070D   24222.58267658 -.00000078  00000+0  10759-3 0  9993,2 01573  56.0572 339.3911 0065562 258.1244 101.2301 12.41032780671215,12.4103278,0.0065562,LEO
1574,COSMOS 84,1965,116.41,-1.0,UNK,56.05,Inactive,0,LEO,Kazakhstan,Russia/USSR,,,Unknown,1 01574U 65070E   24222.54465420 -.00000099  00000+0 -52301-4 0  9991,2 01574  56.0536  48.9017 0065761  65.4729 343.0121 12.37025005662701,12.37025005,0.0065761,LEO
1577,PORCUPINE 2,1965,107.78,-1.0,UNK,89.99,Inactive,0,LEO,USA,USA,,,Unknown,1 01577U 65065J   24222.53413966  .00000180  00000+0  33085-3 0  9991,2 01577  89.9872 211.2588 0069018 211.5816 274.7978 13.36054976872296,13.36054976,0.0069018,LEO
1580,OPS 8068,1965,100.8,-1.0,UNK,98.35,Inactive,0,LEO,USA,USA,,,Unknown,1 01580U 65072A   24222.42653603  .00001083  00000+0  33893-3 0  9995,2 01580  98.3482  33.1060 0230759 245.9177 111.7710 14.28608063 36346,14.28608063,0.0230759,LEO
1584,COSMOS 86,1965,115.03,-1.0,UNK,56.06,Inactive,0,LEO,Kazakhstan,Russia/USSR,,,Unknown,1 01584U 65073A   24222.32805645 -.00000073  00000+0  14229-3 0  9995,2 01584  56.0563 174.7076 0215399  87.0983  76.2581 12.51900582692684,12.51900582,0.0215399,LEO
1585,COSMOS 87,1965,115.44,-1.0,UNK,56.06,Inactive,0,LEO,Kazakhstan,Russia/USSR,,,Unknown,1 01585U 65073B   24222.58350751 -.00000067  00000+0  17462-3 0  9992,2 01585  56.0628 302.2262 0202976 198.5636 278.3535 12.47448338681326,12.47448338,0.0202976,LEO
1586,COSMOS 88,1965,115.82,-1.0,UNK,56.06,Inactive,0,LEO,Kazakhstan,Russia/USSR,,,Unknown,1 01586U 65073C   24222.45814319 -.00000106  00000+0 -85344-4 0  9994,2 01586  56.0621  27.2872 0187460 347.4371  39.5044 12.43332647674338,12.43332647,0.018746,LEO
1587,COSMOS 89,1965,116.23,-1.0,UNK,56.06,Inactive,0,LEO,Kazakhstan,Russia/USSR,,,Unknown,1 01587U 65073D   24222.43334738 -.00000058  00000+0  25210-3 0  9995,2 01587  56.0561 135.2199 0169167 134.7313 226.7501 12.38974968664981,12.38974968,0.0169167,LEO
1588,COSMOS 90,1965,116.64,-1.0,UNK,56.05,Inactive,0,LEO,Kazakhstan,Russia/USSR,,,Unknown,1 01588U 65073E   24222.43339117 -.00000093  00000+0 -21053-4 0  9994,2 01588  56.0543 247.0926 0154596 271.9368 228.9843 12.34581730655414,12.3458173,0.0154596,LEO
1613,OV1-2,1965,111.53,-1.0,UNK,144.23,Inactive,0,LEO,USA,USA,,,Unknown,1 01613U 65078A   24222.40925377  .00015805  00000+0  16486-2 0  9991,2 01613 144.2302 281.2414 1171148 119.4532 252.7995 12.91254587626815,12.91254587,0.1171148,LEO
1641,OV2-1 & LCS 2,1965,99.03,-1.0,-,32.3,Inactive,0,LEO,USA,USA,,,Unknown,1 01641U 65082C   24222.24584676  .00000937  00000+0  21069-3 0  9996,2 01641  32.2950 209.6787 0018924 320.6709  39.2562 14.54056224118667,14.54056224,0.0018924,LEO
1726,EXPLORER 29 (GEOS 1),1965,120.29,-1.0,UNK,59.38,Inactive,0,LEO,USA,USA,,,Unknown,1 01726U 65089A   24222.61667719 -.00000024  00000+0  31553-3 0  9995,2 01726  59.3792 109.9247 0718536 138.4029 234.1484 11.97067882568668,11.97067882,0.0718536,LEO
1738,EXPLORER 30,1965,99.93,-1.0,UNK,59.71,Inactive,0,LEO,USA,USA,,,Unknown,1 01738U 65093A   24222.55893297  .00001125  00000+0  35490-3 0  9994,2 01738  59.7083  25.8555 0137630 133.3037 227.9576 14.41079042 58837,14.41079042,0.013763,LEO
1778,A-1 (ASTERIX),1965,106.79,-1.0,UNK,34.25,Inactive,0,LEO,Algeria,France,,,Unknown,1 01778U 65096A   24222.52433188  .00000771  00000+0  21204-3 0  9991,2 01778  34.2537 266.6697 0744797 101.0652 267.4604 13.48431725873357,13.48431725,0.0744797,LEO
1804,ALOUETTE 2,1965,117.35,-1.0,UNK,79.8,Inactive,0,LEO,USA,Canada,,,Unknown,1 01804U 65098A   24222.47870310  .00001103  00000+0  35967-3 0  9990,2 01804  79.8014 131.8700 1335437 163.5443 201.3768 12.27131759596225,12.27131759,0.1335437,LEO
1806,EXPLORER 31 (ISIS-X),1965,119.31,-1.0,UNK,79.77,Inactive,0,LEO,USA,USA,,,Unknown,1 01806U 65098B   24222.15039975  .00002005  00000+0  69163-3 0  9998,2 01806  79.7705 187.8504 1430879  20.4051 344.8660 12.06921238566955,12.06921238,0.1430879,LEO
1814,FR 1,1965,98.01,-1.0,UNK,75.87,Inactive,0,LEO,USA,France,,,Unknown,1 01814U 65101A   24222.58353037  .00002396  00000+0  40984-3 0  9990,2 01814  75.8658  76.9207 0004079 323.4990  36.5912 14.69175610956620,14.6917561,0.0004079,LEO
1864,OPS 1509 (TRANSIT 10),1965,104.45,-1.0,UNK,89.07,Inactive,0,LEO,USA,USA,,,Unknown,1 01864U 65109A   24222.46921910  .00000426  00000+0  38752-3 0  9993,2 01864  89.0661 302.6098 0112632 106.5884 254.7688 13.78697981942842,13.78697981,0.0112632,LEO
1952,OPS 1593 (TRANSIT 11),1966,105.29,-1.0,UNK,90.17,Inactive,0,LEO,USA,USA,,,Unknown,1 01952U 66005A   24222.61093033  .00000597  00000+0  59241-3 0  9995,2 01952  90.1654 341.0319 0216333 236.6494 121.3795 13.67711565913651,13.67711565,0.0216333,LEO
1982,ESSA 1 (OT-3),1966,99.47,-1.0,-,97.91,Inactive,0,LEO,USA,USA,,,Unknown,1 01982U 66008A   24222.46877169  .00000725  00000+0  19950-3 0  9990,2 01982  97.9083 290.4734 0081274  34.3477 326.2934 14.47710968 60009,14.47710968,0.0081274,LEO
2016,DIAPASON (D1-A),1966,114.0,-1.0,UNK,34.09,Inactive,0,LEO,Algeria,France,,,Unknown,1 02016U 66013A   24222.58414243  .00004301  00000+0  12484-2 0  9996,2 02016  34.0903 314.2801 1171374 152.1160 214.7565 12.63126107654711,12.63126107,0.1171374,LEO
2091,ESSA 2 (OT-2),1966,113.44,-1.0,-,101.25,Inactive,0,LEO,USA,USA,,,Unknown,1 02091U 66016A   24222.53322993 -.00000020  00000+0  12273-3 0  9999,2 02091 101.2452 137.0359 0038578 188.8715 345.3108 12.69411592707767,12.69411592,0.0038578,LEO
2119,OPS 1117 (TRANSIT 12),1966,104.72,-1.0,UNK,89.63,Inactive,0,LEO,USA,USA,,,Unknown,1 02119U 66024A   24222.40505241  .00000361  00000+0  34105-3 0  9999,2 02119  89.6309 116.0188 0144804 289.1766  69.3775 13.75039918922168,13.75039918,0.0144804,LEO
2121,OV1-4,1966,103.81,-1.0,UNK,144.5,Inactive,0,LEO,USA,USA,,,Unknown,1 02121U 66025A   24222.52497728  .00000415  00000+0  12235-3 0  9996,2 02121 144.5021 202.5570 0083735 216.1583 143.3404 13.87145367957137,13.87145367,0.0083735,LEO
2122,OV1-5,1966,105.41,-1.0,UNK,144.63,Inactive,0,LEO,USA,USA,,,Unknown,1 02122U 66025B   24222.55474446  .00000406  00000+0  17808-3 0  9993,2 02122 144.6334 255.6383 0048054 273.4332  86.0844 13.66032023912548,13.66032023,0.0048054,LEO
2125,OPS 0340,1966,98.72,-1.0,UNK,97.99,Inactive,0,LEO,USA,USA,,,Unknown,1 02125U 66026A   24222.51164573  .00002702  00000+0  50432-3 0  9991,2 02125  97.9909  42.5741 0150494 206.2538 153.0979 14.58711956 60813,14.58711956,0.0150494,LEO
2142,OAO 1,1966,100.4,-1.0,UNK,35.05,Inactive,0,LEO,USA,USA,,,Unknown,1 02142U 66031A   24222.57760119  .00000475  00000+0  17366-3 0  9994,2 02142  35.0459  68.2643 0006612  24.0804 336.0192 14.34297568 53875,14.34297568,0.0006612,LEO
2150,OPS 1527 (OV3-1),1966,116.29,-1.0,UNK,82.37,Inactive,0,LEO,USA,USA,,,Unknown,1 02150U 66034A   24222.55300715  .00023666  00000+0  13221-2 0  9998,2 02150  82.3683 271.2458 1498516 147.9908 222.1826 12.38331842317189,12.38331842,0.1498516,LEO
2173,NIMBUS 2,1966,107.97,-1.0,-,100.58,Inactive,0,LEO,USA,USA,,,Unknown,1 02173U 66040A   24222.52566653  .00000007  00000+0  10838-3 0  9998,2 02173 100.5851  49.8678 0055981  80.3723 340.0465 13.33656089833424,13.33656089,0.0055981,LEO
2176,OPS 0082 (TRANSIT 13),1966,102.58,-1.0,UNK,90.22,Inactive,0,LEO,USA,USA,,,Unknown,1 02176U 66041A   24222.59319359  .00000548  00000+0  33410-3 0  9999,2 02176  90.2168  66.2478 0070766  86.9323 273.9953 14.03719743972504,14.03719743,0.0070766,LEO
2201,OPS 1427 (OV3-4),1966,142.59,-1.0,UNK,40.88,Inactive,0,MEO,USA,USA,,,Unknown,1 02201U 66052A   24222.48404156  .00000128  00000+0  21786-3 0  9995,2 02201  40.8831 146.4668 2235066 188.7162 166.7350 10.09893628128918,10.09893628,0.2235066,MEO
2207,OPS 9381 (GGTS),1966,1333.3,-1.0,-,7.39,Inactive,0,MEO,USA,USA,,,Unknown,1 02207U 66053A   24222.18350597 -.00000086  00000+0  00000+0 0  9994,2 02207   7.3948  49.3645 0026189 213.3042 152.3992  1.08003606228654,1.08003606,0.0026189,MEO
2215,OPS 9311 (IDSCS 1),1966,1334.44,-1.0,-,7.4,Inactive,0,MEO,USA,USA,,,Unknown,1 02215U 66053B   24219.56637973 -.00000123  00000+0  00000+0 0  9999,2 02215   7.4049  49.6303 0029133 202.8496 157.1528  1.07910376127306,1.07910376,0.0029133,MEO
2216,OPS 9312 (IDSCS 2),1966,1335.18,-1.0,-,7.38,Inactive,0,MEO,USA,USA,,,Unknown,1 02216U 66053C   24217.08248009 -.00000088  00000+0  00000+0 0  9993,2 02216   7.3838  49.8439 0031156 196.9855 115.0380  1.07850914 41905,1.07850914,0.0031156,MEO
2217,OPS 9313 (IDSCS 3),1966,1336.37,-1.0,-,7.36,Inactive,0,MEO,USA,USA,,,Unknown,1 02217U 66053D   24220.38035483 -.00000082  00000+0  00000+0 0  9995,2 02217   7.3622  50.1276 0034780 189.1935 170.8780  1.07754881132203,1.07754881,0.003478,MEO
2218,OPS 9314 (IDSCS 4),1966,1338.46,-1.0,-,7.28,Inactive,0,MEO,USA,USA,,,Unknown,1 02218U 66053E   24218.30475566 -.00000128  00000+0  00000+0 0  9996,2 02218   7.2754  50.7297 0042837 178.2381  91.1746  1.07586008228076,1.07586008,0.0042837,MEO
2219,OPS 9315 (IDSCS 5),1966,1340.8,-1.0,-,7.24,Inactive,0,MEO,USA,USA,,,Unknown,1 02219U 66053F   24210.68939312 -.00000105  00000+0  00000+0 0  9999,2 02219   7.2411  51.3535 0051452 169.5069 190.6555  1.07398792 49130,1.07398792,0.0051452,MEO
2220,OPS 9316 (IDSCS 6),1966,1343.83,-1.0,-,7.15,Inactive,0,MEO,USA,USA,,,Unknown,1 02220U 66053G   24221.81753670 -.00000056  00000+0  00000+0 0  9994,2 02220   7.1570  52.0667 0064648 161.7296  27.6261  1.07156063131798,1.07156063,0.0064648,MEO
2221,OPS 9317 (IDSCS 7),1966,1347.43,-1.0,-,7.09,Inactive,0,MEO,USA,USA,,,Unknown,1 02221U 66053H   24214.70537660 -.00000101  00000+0  00000+0 0  9995,2 02221   7.0896  53.0096 0079753 154.5431 205.9239  1.06869822 43713,1.06869822,0.0079753,MEO
2389,OV3-3,1966,109.01,-1.0,UNK,81.33,Inactive,0,LEO,USA,USA,,,Unknown,1 02389U 66070A   24222.50123153  .00019078  00000+0  94085-3 0  9996,2 02389  81.3332 198.3500 1116831  86.1481 286.6347 13.21092698508672,13.21092698,0.1116831,LEO
2401,OPS 2366 (TRANSIT 14),1966,106.37,-1.0,UNK,88.87,Inactive,0,LEO,USA,USA,,,Unknown,1 02401U 66076A   24222.57014366  .00000278  00000+0  39186-3 0  9992,2 02401  88.8715 144.6432 0034547 107.1192  66.5737 13.53706389859544,13.53706389,0.0034547,LEO
2403,OPS 0856,1966,167.47,-1.0,UNK,90.33,Inactive,0,MEO,USA,USA,,,Unknown,1 02403U 66077A   24222.50853641 -.00000011  00000+0 -62656-2 0  9999,2 02403  90.3278 268.4650 0012007  41.9805 318.1966  8.59850879468290,8.59850879,0.0012007,MEO
2411,SECOR 7 (EGRS 7),1966,167.52,-1.0,UNK,90.33,Inactive,0,MEO,USA,USA,,,Unknown,1 02411U 66077B   24222.53063599 -.00000009  00000+0 -50339-2 0  9998,2 02411  90.3269 269.5535 0014461  24.1472 336.0055  8.59615673819235,8.59615673,0.0014461,MEO
2412,ERS 15,1966,167.62,-1.0,UNK,90.33,Inactive,0,MEO,USA,USA,,,Unknown,1 02412U 66077C   24222.57310357  .00000002  00000+0  00000+0 0  9998,2 02412  90.3273 269.3517 0008774  31.8006 328.3374  8.59077397332353,8.59077397,0.0008774,MEO
2418,OPS 6026 (DMSP 4A F1),1966,99.8,-1.0,-,98.25,Inactive,0,LEO,USA,USA,,,Unknown,1 02418U 66082A   24222.43088968  .00000948  00000+0  27518-3 0  9991,2 02418  98.2551  21.6851 0115901 274.7476  84.0487 14.42847864 14659,14.42847864,0.0115901,LEO
2435,ESSA 3 (TOS-A),1966,114.57,-1.0,-,101.07,Inactive,0,LEO,USA,USA,,,Unknown,1 02435U 66087A   24222.42848938 -.00000019  00000+0  13775-3 0  9995,2 02435 101.0677 154.5964 0063626 309.1666 165.8739 12.56865453653981,12.56865453,0.0063626,LEO
2481,OPS 1920,1966,167.59,-1.0,UNK,89.8,Inactive,0,MEO,USA,USA,,,Unknown,1 02481U 66089A   24222.51061442 -.00000015  00000+0 -84373-2 0  9993,2 02481  89.7999  35.6083 0031820 276.8495  82.8737  8.59253881814544,8.59253881,0.003182,MEO
2514,INTELSAT 2-F1,1966,718.26,-1.0,-,16.73,Inactive,0,MEO,USA,INTELSAT,,,Unknown,1 02514U 66096A   24222.08455475  .00000289  00000+0  00000+0 0  9996,2 02514  16.7367 184.0538 6399692 304.6457  10.5619  2.00486857 81232,2.00486857,0.6399692,MEO
2520,SECOR 8 (EGRS 8),1966,167.66,-1.0,UNK,89.8,Inactive,0,MEO,USA,USA,,,Unknown,1 02520U 66089B   24221.92127581  .00000001  00000+0 -65194-3 0  9993,2 02520  89.7993  35.7071 0014409 264.9078  95.0128  8.58895268323803,8.58895268,0.0014409,MEO
2608,ATS 1,1966,1435.29,-1.0,-,3.27,Inactive,0,GSO,USA,USA,,,Unknown,1 02608U 66110A   24222.38598413 -.00000203  00000+0  00000+0 0  9997,2 02608   3.2687  75.6897 0005305 153.7960 198.2412  1.00327997128006,1.00327997,0.0005305,GSO
2610,OV1-9,1966,138.67,-1.0,UNK,99.12,Inactive,0,MEO,USA,USA,,,Unknown,1 02610U 66111A   24222.56653887  .00000819  00000+0  33378-3 0  9998,2 02610  99.1200 322.2611 2279419 331.4243  17.8387 10.38474550162744,10.3847455,0.2279419,MEO
2639,INTELSAT 2-F2,1967,1437.02,-1.0,-,1.5,Inactive,0,GSO,USA,INTELSAT,,,Unknown,1 02639U 67001A   24222.54183081 -.00000329  00000+0  00000+0 0  9999,2 02639   1.5066  83.5233 0005724 165.0954  37.0252  1.00206603112463,1.00206603,0.0005724,GSO
2645,OPS 9321 (IDSCS 8),1967,1329.44,-1.0,-,7.07,Inactive,0,MEO,USA,USA,,,Unknown,1 02645U 67003A   24221.75199708 -.00000074  00000+0  00000+0 0  9990,2 02645   7.0743  50.4286 0036859 101.8910  95.3419  1.08316829227118,1.08316829,0.0036859,MEO
2649,OPS 9322 (IDSCS 9),1967,1329.86,-1.0,-,7.03,Inactive,0,MEO,USA,USA,,,Unknown,1 02649U 67003B   24222.01328922 -.00000115  00000+0  00000+0 0  9992,2 02649   7.0332  50.3727 0036577  98.2346  68.0712  1.08282481132107,1.08282481,0.0036577,MEO
2650,OPS 9323 (IDSCS 10),1967,1330.6,-1.0,-,7.01,Inactive,0,MEO,USA,USA,,,Unknown,1 02650U 67003C   24222.54654767 -.00000114  00000+0  00000+0 0  9990,2 02650   7.0176  50.5590 0036369  91.5628  70.4278  1.08222528133126,1.08222528,0.0036369,MEO
2651,OPS 9324 (IDSCS 11),1967,1332.04,-1.0,-,6.98,Inactive,0,MEO,USA,USA,,,Unknown,1 02651U 67003D   24221.58260623 -.00000066  00000+0  00000+0 0  9994,2 02651   6.9826  50.9357 0037285  78.2991 227.6044  1.08104782133415,1.08104782,0.0037285,MEO
2652,OPS 9325 (IDSCS 12),1967,1334.05,-1.0,-,6.94,Inactive,0,MEO,USA,USA,,,Unknown,1 02652U 67003E   24221.79999552 -.00000053  00000+0  00000+0 0  9994,2 02652   6.9652  51.6104 0041081  62.2993 298.2560  1.07942937132805,1.07942937,0.0041081,MEO
2653,OPS 9326 (IDSCS 13),1967,1336.44,-1.0,-,6.87,Inactive,0,MEO,USA,USA,,,Unknown,1 02653U 67003F   24221.63932645 -.00000102  00000+0  00000+0 0  9993,2 02653   6.8782  52.0536 0048042  47.0918 313.4516  1.07749674125395,1.07749674,0.0048042,MEO
2654,OPS 9327 (IDSCS 14),1967,1339.4,-1.0,-,6.83,Inactive,0,MEO,USA,USA,,,Unknown,1 02654U 67003G   24222.34311171 -.00000113  00000+0  00000+0 0  9990,2 02654   6.8359  52.9595 0059368  33.4950 236.4562  1.07511772132195,1.07511772,0.0059368,MEO
2655,OPS 9328 (IDSCS 15),1967,1342.91,-1.0,-,6.72,Inactive,0,MEO,USA,USA,,,Unknown,1 02655U 67003H   24222.28657281 -.00000062  00000+0  00000+0 0  9992,2 02655   6.7215  53.6609 0074553  22.5851 174.7868  1.07229492131942,1.07229492,0.0074553,MEO
2657,ESSA 4 (TOS-B),1967,113.4,-1.0,-,102.05,Inactive,0,LEO,USA,USA,,,Unknown,1 02657U 67006A   24222.37364141 -.00000032  00000+0  85305-4 0  9990,2 02657 102.0507  17.0044 0073211 165.3392 223.4021 12.69872435666634,12.69872435,0.0073211,LEO
2669,OPS 6073 (DMSP 4A F2),1967,100.86,-1.0,-,99.04,Inactive,0,LEO,USA,USA,,,Unknown,1 02669U 67010A   24222.46989920  .00000512  00000+0  22387-3 0  9998,2 02669  99.0365 187.4920 0049248 174.5144 185.6585 14.27667149987741,14.27667149,0.0049248,LEO
2674,DIADEME 1,1967,98.29,-1.0,UNK,39.92,Inactive,0,LEO,Algeria,France,,,Unknown,1 02674U 67011A   24222.53372509  .00006010  00000+0  74768-3 0  9991,2 02674  39.9217  14.0007 0235341 294.8139  62.8331 14.65072048990545,14.65072048,0.0235341,LEO
2680,DIADEME 2,1967,107.45,-1.0,UNK,39.44,Inactive,0,LEO,Algeria,France,,,Unknown,1 02680U 67014A   24222.43315587  .00000968  00000+0  41727-3 0  9998,2 02680  39.4370 227.6456 0709920 145.4893 219.4094 13.40167484785105,13.40167484,0.070992,LEO
2717,INTELSAT 2-F3,1967,1436.45,-1.0,-,2.4,Inactive,0,GSO,USA,INTELSAT,,,Unknown,1 02717U 67026A   24222.17741438  .00000000  00000+0  00000+0 0  9993,2 02717   2.4061  69.8841 0016416 205.2529 107.5618  1.00247448117109,1.00247448,0.0016416,GSO
900,CALSPHERE 1,1964,104.71,-1.0,+,90.2,Active,0,LEO,USA,USA,,,Unknown,1 00900U 64063C   24222.53948110  .00001382  00000+0  14312-2 0  9997,2 00900  90.2014  56.5149 0025611 174.8797 216.6271 13.75177666978362,13.75177666,0.0025611,LEO
902,CALSPHERE 2,1964,106.45,-1.0,+,90.22,Active,0,LEO,USA,USA,,,Unknown,1 00902U 64063E   24222.58009024  .00000068  00000+0  89174-4 0  9996,2 00902  90.2155  60.1643 0019663  36.7821  24.7878 13.52808211764786,13.52808211,0.0019663,LEO
1361,LCS 1,1965,145.56,-1.0,+,32.15,Active,0,MEO,USA,USA,,,Unknown,1 01361U 65034C   24222.61936719  .00000019  00000+0  13817-2 0  9994,2 01361  32.1464 343.4373 0007341 236.2288 123.7510  9.89305867142883,9.89305867,0.0007341,MEO
1512,TEMPSAT 1,1965,107.98,-1.0,+,89.95,Active,0,LEO,USA,USA,,,Unknown,1 01512U 65065E   24222.52229406  .00000065  00000+0  11263-3 0  9999,2 01512  89.9545 213.8478 0069380 350.4943 134.0947 13.33522436869865,13.33522436,0.006938,LEO
1520,CALSPHERE 4A,1965,107.78,-1.0,+,89.95,Active,0,LEO,USA,USA,,,Unknown,1 01520U 65065H   24222.58378525  .00000179  00000+0  32847-3 0  9998,2 01520  89.9456 127.7780 0067599 211.5185 224.7761 13.36086847872352,13.36086847,0.0067599,LEO
